CD_MESO,First day of the 2019 exam,Second day of the 2019 exam,First day of the 2020 exam,Second day of the 2020 exam,First day of the 2021 exam,Second day of the 2021 exam,First day of the 2022 exam,Second day of the 2022 exam
1501,9.6824686940966,13.998211091234348,38.61909481334655,42.64948794185663,20.525451559934318,24.753694581280786,25.603864734299517,29.95169082125604
1502,13.483642793987622,17.24137931034483,37.64892772041303,41.22319301032566,23.125996810207337,26.794258373205743,28.23204419889503,32.430939226519335
1503,8.829213711728206,11.880785271081274,27.250892121877573,30.256656601701895,13.873521150736233,17.00570261298834,15.30399777901166,18.649361465852305
1504,11.669052976068725,14.880343628553897,34.752839011356045,37.29124916499666,19.730667210773312,23.117731075290756,23.81156316916488,28.008565310492504
1505,10.196266156055529,14.60028721876496,40.41745730550284,44.086021505376344,23.076923076923077,26.95902228612509,26.041117554032684,30.311017395888246
1506,11.430930753804413,15.488970154535803,37.05477401975457,40.43699491170308,20.91188918814929,25.375144286263946,24.021655065738592,28.275328692962102
